name,email,phone,address
Nina Medina,nec.malesuada@protonmail.edu,(716) 643-3824,"P.O. Box 541, 8196 Rutrum, St."
Inez Hodge,dui.augue@google.couk,1-573-967-8726,2109 Ipsum. St.
Damian Mcneil,lectus.justo@icloud.org,1-443-869-8168,2351 Enim Ave
Maxine Christensen,ut.mi.duis@hotmail.couk,1-989-596-1776,128-3746 Arcu St.
Warren Battle,dolor.nonummy@icloud.net,1-332-554-1425,660-7939 Non Av.
Abraham Pate,class@hotmail.net,(136) 432-5290,Ap #231-5830 Quam St.
Kenyon Schmidt,quam.curabitur@google.net,1-831-122-3511,8579 Sed Road
Noelle Fitzpatrick,pede.ac.urna@icloud.com,1-466-537-5547,4292 Ad Street
Wilma Savage,a.odio.semper@outlook.edu,1-645-276-7192,452-9884 Felis Rd.
Mohammad Warner,vel@protonmail.ca,1-928-151-6732,Ap #418-4495 Aenean St.
Caleb Avila,risus.at@icloud.com,1-844-558-6056,578-9546 Turpis. Rd.
Savannah Harding,aenean.massa@outlook.edu,(644) 696-0765,"Ap #836-9473 Erat, Rd."
Kelsie Mckenzie,pede.nec@google.net,(255) 916-7225,239-7309 Sed Rd.
Bethany Curry,urna@protonmail.net,1-427-164-9225,"P.O. Box 794, 6266 Nibh. Rd."
Nasim Miller,sed.molestie@aol.ca,(245) 657-3081,"P.O. Box 415, 9158 Nulla Road"
Stacy Salinas,vestibulum.neque@aol.org,1-273-427-0711,109-5678 Morbi Street
Melinda Workman,malesuada.fames@protonmail.net,(558) 414-6498,Ap #112-8168 Facilisis Road
Breanna Herrera,malesuada.integer.id@hotmail.net,(801) 275-7306,425-3936 Praesent Street
Lacey Burke,tristique.neque@outlook.net,1-391-667-5365,"P.O. Box 365, 8548 A Road"
Carlos Meadows,mauris.erat@hotmail.org,1-821-627-4264,616-8764 Sed Rd.
Silas Hubbard,turpis.vitae@google.couk,1-314-504-9845,873-8444 Morbi Street
Angelica Noble,hendrerit@yahoo.org,1-424-248-7428,331-6407 Massa. Ave
Herrod French,purus.accumsan@icloud.com,(781) 154-7347,Ap #134-2248 Orci Road
Grace Baker,at.lacus.quisque@hotmail.edu,(461) 751-3826,188-8049 Ipsum. St.
Britanni Madden,donec.fringilla@protonmail.net,1-623-892-8548,Ap #166-7495 Nunc. Street
Henry Mcguire,magna.a@hotmail.edu,(474) 618-8459,"P.O. Box 715, 3168 Enim, Avenue"
Lisandra Mosley,morbi.non@hotmail.ca,1-723-410-3423,6049 Eu Rd.
Vincent Lambert,velit.aliquam.nisl@protonmail.edu,1-255-223-2445,"Ap #676-6386 A, St."
Marvin Tran,ut.lacus.nulla@aol.ca,1-903-263-0857,"725-7041 Enim, Avenue"
Melinda Rivas,cum.sociis.natoque@yahoo.couk,(391) 405-0769,Ap #120-3970 Augue. St.
Sharon Rich,vehicula.risus@hotmail.com,1-746-871-2186,Ap #245-522 Viverra. Av.
Brian Garcia,ligula.nullam@hotmail.org,1-577-965-8859,"P.O. Box 571, 6732 Pede, St."
Deanna Yang,risus.duis@hotmail.net,1-358-506-3569,Ap #736-1262 Donec Road
Steven Mcclain,massa.quisque.porttitor@hotmail.ca,(584) 327-2186,"468-1303 Vulputate, Rd."
Rhea Ellis,ut.dolor.dapibus@outlook.com,(430) 716-6344,"P.O. Box 136, 627 Facilisis Ave"
Hannah Warner,euismod.mauris@outlook.org,1-224-526-7717,888-225 Suspendisse Av.
Cassandra Oneal,urna@protonmail.com,1-958-491-4984,Ap #536-2307 Integer Road
Sade England,molestie@outlook.org,(828) 992-7485,"5624 Dui, Rd."
Peter Merritt,ligula.aenean@yahoo.ca,(291) 473-4095,3932 Parturient Ave
Otto Beasley,hendrerit@outlook.couk,1-663-457-3182,Ap #601-4287 Arcu Rd.
Barrett Patton,taciti.sociosqu.ad@yahoo.com,1-158-652-5331,1738 Cursus St.
Lee Mays,nibh.donec@yahoo.net,(581) 885-1731,"P.O. Box 158, 597 Felis, Rd."
Lunea Nixon,condimentum.eget.volutpat@protonmail.net,(504) 964-4475,"P.O. Box 240, 3791 Mi Av."
Amy Burke,egestas.aliquam.nec@google.org,1-514-625-3916,"Ap #960-2295 Et, St."
Hope Hunt,magna.nam.ligula@outlook.org,(786) 146-4964,"P.O. Box 347, 1274 Mi St."
Penelope Dennis,enim@yahoo.ca,(733) 757-0132,414-2843 Porttitor Road
Armand Rice,magna.lorem.ipsum@protonmail.edu,(737) 812-6732,6470 Ullamcorper Street
Lareina Douglas,ac@outlook.com,1-323-773-7526,889-4128 Enim Rd.
Xandra Coleman,dolor@google.com,(772) 134-0257,"371-4288 Aliquam, St."
Dorothy Ramsey,elementum@protonmail.couk,(364) 275-7432,Ap #924-2947 Mauris Road
Yolanda Powers,mauris.sit@aol.net,1-714-380-3268,Ap #306-3548 Massa. St.
Karly Richards,est.mollis.non@yahoo.couk,1-201-243-7543,Ap #285-2358 Mus. Avenue
Kevyn Brennan,eu.nulla.at@icloud.org,1-251-453-6865,"P.O. Box 694, 5960 Mauris Ave"
Aidan Flowers,sed@yahoo.couk,1-882-372-6104,118-6163 Vestibulum St.
Shelly Dixon,orci.quis.lectus@google.net,(801) 268-5742,Ap #641-1638 In Av.
Lilah Mcmahon,mollis.dui@outlook.couk,1-816-921-2874,"826-7602 Sapien, St."
Yoko Richmond,nec@hotmail.edu,1-732-446-7044,Ap #723-8557 Orci Road
Rooney Rose,leo.vivamus.nibh@google.net,1-829-711-7491,407-6003 Neque Road
Ashely Coleman,cursus.in@aol.edu,1-810-485-7588,Ap #400-7853 Sagittis Av.
Quinn Ballard,lacinia.mattis@google.org,(635) 518-7342,Ap #637-762 Mauris Ave
Blythe Shields,lacus.pede.sagittis@google.net,(148) 241-1422,Ap #462-7647 Parturient St.
Jin Aguilar,donec.egestas@hotmail.couk,1-553-358-2192,"Ap #193-8066 A, Avenue"
Andrew Adkins,diam.duis@aol.ca,1-232-904-5577,293-1816 Tellus. Road
Todd Bullock,et.magnis@google.net,1-255-822-3551,Ap #402-4916 Nisl. Rd.
Jacob Webster,pede.cum.sociis@google.org,(287) 441-8312,264-3717 Ultricies Rd.
Ivy Chavez,metus@outlook.couk,(320) 436-1325,725-8792 Luctus St.
Zephr Anthony,quis.turpis@outlook.net,1-221-564-8333,Ap #576-3702 Vitae Rd.
Nyssa Clay,fringilla.porttitor@yahoo.ca,1-909-928-0712,7403 Diam St.
Cody Bartlett,fermentum.arcu.vestibulum@yahoo.net,1-113-240-8578,4590 Laoreet St.
Thaddeus Ferguson,nulla.integer@google.net,1-223-644-2883,178-8065 Mauris. Road
Olga Fleming,ultrices.sit@outlook.ca,(678) 451-1533,"5504 Vulputate, St."
Ivory Phelps,cursus.purus@protonmail.ca,(377) 779-7834,Ap #588-5188 Pede. St.
Vincent Valencia,eleifend@hotmail.net,(242) 697-9425,8270 Commodo Avenue
Macaulay Sweeney,in.hendrerit@protonmail.net,(616) 502-4476,Ap #249-2767 Nec Rd.
Cassidy Bryan,fusce.mollis@icloud.net,1-697-464-1285,914-1549 Non Road
Ginger Palmer,felis.donec.tempor@protonmail.edu,(275) 571-0465,"3448 Vulputate, Rd."
Jasper Finch,lobortis@google.ca,(187) 532-3562,948-3776 Faucibus Road
Ryder Hinton,proin.ultrices.duis@yahoo.couk,(458) 481-2407,Ap #628-1521 Euismod Rd.
Risa Pitts,feugiat.placerat@yahoo.ca,(988) 616-9352,104-3836 Felis Avenue
Mannix Rogers,et.ultrices@hotmail.net,1-175-722-6566,505-2962 Ante. Avenue
Madeline Lawrence,interdum.feugiat@google.org,(643) 615-7188,279-3911 Duis Avenue
Matthew Gibson,in.consequat@protonmail.couk,(345) 272-7344,1617 Nec St.
Rhea Nguyen,placerat@protonmail.org,1-981-847-9354,"P.O. Box 372, 1935 Convallis Avenue"
Dana Rowe,non.enim.commodo@aol.couk,(626) 569-4827,"276-648 Amet, Ave"
Kasimir Moore,dis@hotmail.org,(402) 318-9643,Ap #285-4196 Dapibus Ave
Bruce Schroeder,eleifend@icloud.org,(748) 332-6455,"863-3368 Suscipit, Av."
Abraham Strickland,auctor.velit@hotmail.org,1-914-579-7111,"P.O. Box 509, 5703 Scelerisque Street"
Bruno Patterson,praesent.eu.dui@outlook.couk,(233) 851-7544,971-7582 Purus Rd.
Tucker Moss,eu@icloud.com,1-462-563-9851,579-7153 Arcu Ave
Lane Allen,dui.cum@hotmail.org,1-551-957-5628,Ap #690-8008 Mauris Rd.
Jamalia Clay,et.magnis@aol.ca,(564) 339-4412,"155-2349 Orci, Rd."
Bianca Rosario,luctus.vulputate@hotmail.edu,1-788-684-4527,140-2332 Erat. Rd.
Forrest Hays,ut.aliquam@icloud.com,(846) 581-2650,9487 A Avenue
Shelby Johns,et.magnis@outlook.org,1-317-138-6526,124-1331 Metus. Street
Shana Little,pharetra.sed@google.org,1-283-187-0825,Ap #771-6518 Non Av.
Imogene Shaw,aliquet.magna@hotmail.net,1-478-544-4005,525-2176 Magna. St.
Wallace Greene,sem.egestas.blandit@aol.edu,1-757-587-6818,"451-8432 Nec, Av."
August Wong,ligula.elit@google.edu,(755) 167-2484,Ap #161-4463 Netus Av.
Farrah Walters,cras@icloud.edu,1-112-311-4345,155-4460 Aliquam Rd.
Aileen Albert,odio.a.purus@aol.net,1-895-764-1024,767-461 Velit Av.
